<data>
<event>
<start_date><![CDATA[2016-08-01 13:30]]></start_date>
<end_date><![CDATA[2016-08-01 14:00]]></end_date>
<text><![CDATA[JONH DOE | ID: 9 | Office Visit | Phone Home: 703-340-8065 | Phone Cell: 703-890-8702 | Provider: Karen Avanesov | Office Visit | Test OEMR Appointments (Karen Avanesov) - Arrived"]]></text>
<details><![CDATA["OMR Patient (test)]]></details>
<id><![CDATA[1471982636958]]></id>
</event>
<event>
<start_date><![CDATA[2016-08-01 14:30]]></start_date>
<end_date><![CDATA[2016-08-01 14:45]]></end_date>
<text><![CDATA[JAMES SMITH | ID: 3 | Consultation Online | Phone Home: 770-523-2005 | Phone Cell: 973-419-0200 | Provider: Karen Avanesov | Office Visit | Test OEMR Appointments (Karen Avanesov) - No Show"]]></text>
<details><![CDATA["OMR Patient (test)]]></details>
<id><![CDATA[1471982636959]]></id>
</event>
<event>
<start_date><![CDATA[2016-08-02 10:25]]></start_date>
<end_date><![CDATA[2016-08-02 10:40]]></end_date>
<text><![CDATA[OEMR Patient | ID: 8 | Consultation Online | Phone Home: 703-542-0510 | Phone Cell: 703-542-0515 | Provider: Karen Avanesov | Online | Test OEMR Appointments (Karen Avanesov) - Arrived"]]></text>
<details><![CDATA["OMR Patient (test)]]></details>
<id><![CDATA[1471982636960]]></id>
</event>
<event>
<start_date><![CDATA[2016-08-02 11:25]]></start_date>
<end_date><![CDATA[2016-08-02 11:40]]></end_date>
<text><![CDATA[DAVID KELLY | ID: 10 | Office Visit | Phone Home: 767-345-3456 | Phone Cell: 992-367-3567 | Provider: Karen Avanesov | Office Visit | Test OEMR Appointments (Karen Avanesov) - Chart pulled"]]></text>
<details><![CDATA["OMR Patient (test)]]></details>
<id><![CDATA[1471982636961]]></id>
</event>
<event>
<start_date><![CDATA[2016-08-02 09:30]]></start_date>
<end_date><![CDATA[2016-08-02 09:45]]></end_date>
<text><![CDATA[Patient CMS | ID: 13 | Office Visit | Phone Home: 703-340-8065 | Phone Cell: 973-419-0200 | Provider: Karen Avanesov | Office Visit | Test OEMR Appointments (Karen Avanesov) - Left w/o visit"]]></text>
<details><![CDATA["OMR Patient (test)]]></details>
<id><![CDATA[1471982636962]]></id>
</event>
<event>
<start_date><![CDATA[2016-08-02 12:25]]></start_date>
<end_date><![CDATA[2016-08-02 12:55]]></end_date>
<text><![CDATA[JERRIL CREDLE | ID: 11 | Office Visit | Phone Home: 703-542-0512 | Phone Cell: 571-766-8074 | Provider: Karen Avanesov | Office Visit | Test OEMR Appointments (Karen Avanesov)"]]></text>
<details><![CDATA["OMR Patient (test)]]></details>
<id><![CDATA[1471982636963]]></id>
</event>
<event>
<start_date><![CDATA[2016-08-02 11:30]]></start_date>
<end_date><![CDATA[1899-11-30 12:30]]></end_date>
<text><![CDATA[JONH DOE | ID: 9 | Office Visit | Phone Home: 703-340-8065 | Phone Cell: 703-890-8702 | Provider: Karen Avanesov | Office Visit | Test OEMR Appointments (Karen Avanesov) - Chart pulled"]]></text>
<details><![CDATA["OMR Patient (test)]]></details>
<id><![CDATA[1471982636964]]></id>
</event>
<event>
<start_date><![CDATA[2016-08-02 13:30]]></start_date>
<end_date><![CDATA[2016-08-02 14:05]]></end_date>
<text><![CDATA[JAMES SMITH | ID: 3 | Office Visit | Phone Home: 770-523-2005 | Phone Cell: 973-419-0200 | Provider: Karen Avanesov | Office Visit | Test OEMR Appointments (Karen Avanesov) - Reminder done"]]></text>
<details><![CDATA["OMR Patient (test)]]></details>
<id><![CDATA[1471982636965]]></id>
</event>
<event>
<start_date><![CDATA[2016-08-02 14:30]]></start_date>
<end_date><![CDATA[2016-08-02 15:00]]></end_date>
<text><![CDATA[ROY VARCOE | ID: 12 | Office Visit | Phone Home: 718-216-7172 | Phone Cell: 877-836-7396 | Provider: Karen Avanesov | Office Visit | Test OEMR Appointments (Karen Avanesov)"]]></text>
<details><![CDATA["OMR Patient (test)]]></details>
<id><![CDATA[1471982636966]]></id>
</event>
<event>
<start_date><![CDATA[2016-08-03 11:15]]></start_date>
<end_date><![CDATA[1899-11-30 11:30]]></end_date>
<text><![CDATA[DAVID KELLY | ID: 10 | Office Visit | Phone Home: 767-345-3456 | Phone Cell: 992-367-3567 | Provider: Karen Avanesov | Office Visit | Test OEMR Appointments (Karen Avanesov) - In exam room"]]></text>
<details><![CDATA["OMR Patient (test)]]></details>
<id><![CDATA[1471982636967]]></id>
</event>
<event>
<start_date><![CDATA[2016-08-03 11:45]]></start_date>
<end_date><![CDATA[2016-08-03 12:00]]></end_date>
<text><![CDATA[DAVID KELLY | ID: 10 | Consultation Online | Phone Home: 767-345-3456 | Phone Cell: 992-367-3567 | Provider: Karen Avanesov | Online | Test OEMR Appointments (Karen Avanesov)"]]></text>
<details><![CDATA["OMR Patient (test)]]></details>
<id><![CDATA[1471982636968]]></id>
</event>
<event>
<start_date><![CDATA[2016-08-03 13:30]]></start_date>
<end_date><![CDATA[2016-08-03 14:00]]></end_date>
<text><![CDATA[JONH DOE | ID: 9 | Office Visit | Phone Home: 703-340-8065 | Phone Cell: 703-890-8702 | Provider: Karen Avanesov | Office Visit | Test OEMR Appointments (Karen Avanesov) - Arrived"]]></text>
<details><![CDATA["OMR Patient (test)]]></details>
<id><![CDATA[1471982636969]]></id>
</event>
<event>
<start_date><![CDATA[2016-08-03 14:30]]></start_date>
<end_date><![CDATA[2016-08-03 14:45]]></end_date>
<text><![CDATA[JAMES SMITH | ID: 3 | Consultation Online | Phone Home: 770-523-2005 | Phone Cell: 973-419-0200 | Provider: Karen Avanesov | Online | Test OEMR Appointments (Karen Avanesov) - No Show"]]></text>
<details><![CDATA["OMR Patient (test)]]></details>
<id><![CDATA[1471982636970]]></id>
</event>
<event>
<start_date><![CDATA[2016-08-04 09:00]]></start_date>
<end_date><![CDATA[2016-08-04 09:15]]></end_date>
<text><![CDATA[OEMR Patient | ID: 8 | Consultation Online | Phone Home: 703-542-0510 | Phone Cell: 703-542-0515 | Provider: Karen Avanesov | Online | Test OEMR Appointments (Karen Avanesov) - Arrived"]]></text>
<details><![CDATA["OMR Patient (test)]]></details>
<id><![CDATA[1471982636971]]></id>
</event>
<event>
<start_date><![CDATA[2016-08-04 09:30]]></start_date>
<end_date><![CDATA[2016-08-04 09:45]]></end_date>
<text><![CDATA[DAVID KELLY | ID: 10 | Office Visit | Phone Home: 767-345-3456 | Phone Cell: 992-367-3567 | Provider: Karen Avanesov | Office Visit | Test OEMR Appointments (Karen Avanesov) - Chart pulled"]]></text>
<details><![CDATA["OMR Patient (test)]]></details>
<id><![CDATA[1471982636972]]></id>
</event>
<event>
<start_date><![CDATA[2016-08-04 10:00]]></start_date>
<end_date><![CDATA[2016-08-04 10:15]]></end_date>
<text><![CDATA[Patient CMS | ID: 13 | Office Visit | Phone Home: 703-340-8065 | Phone Cell: 973-419-0200 | Provider: Karen Avanesov | Office Visit | Test OEMR Appointments (Karen Avanesov) - Left w/o visit"]]></text>
<details><![CDATA["OMR Patient (test)]]></details>
<id><![CDATA[1471982636973]]></id>
</event>
<event>
<start_date><![CDATA[2016-08-04 11:20]]></start_date>
<end_date><![CDATA[2016-08-04 12:20]]></end_date>
<text><![CDATA[JERRIL CREDLE | ID: 11 | Office Visit | Phone Home: 703-542-0512 | Phone Cell: 571-766-8074 | Provider: Karen Avanesov | Office Visit | Test OEMR Appointments (Karen Avanesov)"]]></text>
<details><![CDATA["OMR Patient (test)]]></details>
<id><![CDATA[1471982636974]]></id>
</event>
<event>
<start_date><![CDATA[2016-08-04 12:25]]></start_date>
<end_date><![CDATA[2016-08-04 12:40]]></end_date>
<text><![CDATA[JONH DOE | ID: 9 | Office Visit | Phone Home: 703-340-8065 | Phone Cell: 703-890-8702 | Provider: Karen Avanesov | Office Visit | Test OEMR Appointments (Karen Avanesov)"]]></text>
<details><![CDATA["OMR Patient (test)]]></details>
<id><![CDATA[1471982636975]]></id>
</event>
<event>
<start_date><![CDATA[2016-08-04 13:25]]></start_date>
<end_date><![CDATA[2016-08-04 14:00]]></end_date>
<text><![CDATA[JAMES SMITH | ID: 3 | Office Visit | Phone Home: 770-523-2005 | Phone Cell: 973-419-0200 | Provider: Karen Avanesov | Office Visit | Test OEMR Appointments (Karen Avanesov) - Reminder done"]]></text>
<details><![CDATA["OMR Patient (test)]]></details>
<id><![CDATA[1471982636976]]></id>
</event>
<event>
<start_date><![CDATA[2016-08-04 14:30]]></start_date>
<end_date><![CDATA[2016-08-04 16:55]]></end_date>
<text><![CDATA[ROY VARCOE | ID: 12 | Office Visit | Phone Home: 718-216-7172 | Phone Cell: 877-836-7396 | Provider: Karen Avanesov | Office Visit | Test OEMR Appointments (Karen Avanesov)"]]></text>
<details><![CDATA["OMR Patient (test)]]></details>
<id><![CDATA[1471982636977]]></id>
</event>
<event>
<start_date><![CDATA[2016-08-05 11:30]]></start_date>
<end_date><![CDATA[1899-11-30 11:45]]></end_date>
<text><![CDATA[DAVID KELLY | ID: 10 | Office Visit | Phone Home: 767-345-3456 | Phone Cell: 992-367-3567 | Provider: Karen Avanesov | Office Visit | Test OEMR Appointments (Karen Avanesov) - Checked out"]]></text>
<details><![CDATA["OMR Patient (test)]]></details>
<id><![CDATA[1471982636978]]></id>
</event>
<event>
<start_date><![CDATA[2016-08-05 11:45]]></start_date>
<end_date><![CDATA[2016-08-05 12:00]]></end_date>
<text><![CDATA[DAVID KELLY | ID: 10 | Consultation Online | Phone Home: 767-345-3456 | Phone Cell: 992-367-3567 | Provider: Karen Avanesov | Online | Test OEMR Appointments (Karen Avanesov)"]]></text>
<details><![CDATA["OMR Patient (test)]]></details>
<id><![CDATA[1471982636979]]></id>
</event>
<event>
<start_date><![CDATA[2016-08-05 14:00]]></start_date>
<end_date><![CDATA[2016-08-05 14:30]]></end_date>
<text><![CDATA[JONH DOE | ID: 9 | Office Visit | Phone Home: 703-340-8065 | Phone Cell: 703-890-8702 | Provider: Karen Avanesov | Office Visit | Test OEMR Appointments (Karen Avanesov) - Arrived"]]></text>
<details><![CDATA["OMR Patient (test)]]></details>
<id><![CDATA[1471982636980]]></id>
</event>
<event>
<start_date><![CDATA[2016-08-05 15:00]]></start_date>
<end_date><![CDATA[2016-08-05 15:15]]></end_date>
<text><![CDATA[JAMES SMITH | ID: 3 | Consultation Online | Phone Home: 770-523-2005 | Phone Cell: 973-419-0200 | Provider: Karen Avanesov | Online | Test OEMR Appointments (Karen Avanesov) - No Show"]]></text>
<details><![CDATA["OMR Patient (test)]]></details>
<id><![CDATA[1471982636981]]></id>
</event>
<event>
<start_date><![CDATA[2016-08-06 08:45]]></start_date>
<end_date><![CDATA[2016-08-06 09:00]]></end_date>
<text><![CDATA[OEMR Patient | ID: 8 | Consultation Online | Phone Home: 703-542-0510 | Phone Cell: 703-542-0515 | Provider: Karen Avanesov | Online | Test OEMR Appointments (Karen Avanesov) - Arrived"]]></text>
<details><![CDATA["OMR Patient (test)]]></details>
<id><![CDATA[1471982636982]]></id>
</event>
<event>
<start_date><![CDATA[2016-08-06 09:30]]></start_date>
<end_date><![CDATA[2016-08-06 11:05]]></end_date>
<text><![CDATA[DAVID KELLY | ID: 10 | Office Visit | Phone Home: 767-345-3456 | Phone Cell: 992-367-3567 | Provider: Karen Avanesov | Office Visit | Test OEMR Appointments (Karen Avanesov) - Chart pulled"]]></text>
<details><![CDATA["OMR Patient (test)]]></details>
<id><![CDATA[1471982636983]]></id>
</event>
<event>
<start_date><![CDATA[2016-08-06 11:25]]></start_date>
<end_date><![CDATA[2016-08-06 11:40]]></end_date>
<text><![CDATA[Patient CMS | ID: 13 | Office Visit | Phone Home: 703-340-8065 | Phone Cell: 973-419-0200 | Provider: Karen Avanesov | Office Visit | Test OEMR Appointments (Karen Avanesov) - Left w/o visit"]]></text>
<details><![CDATA["OMR Patient (test)]]></details>
<id><![CDATA[1471982636984]]></id>
</event>
<event>
<start_date><![CDATA[2016-08-06 12:35]]></start_date>
<end_date><![CDATA[2016-08-06 13:05]]></end_date>
<text><![CDATA[JERRIL CREDLE | ID: 11 | Office Visit | Phone Home: 703-542-0512 | Phone Cell: 571-766-8074 | Provider: Karen Avanesov | Office Visit | Test OEMR Appointments (Karen Avanesov)"]]></text>
<details><![CDATA["OMR Patient (test)]]></details>
<id><![CDATA[1471982636985]]></id>
</event>
<event>
<start_date><![CDATA[2016-08-06 13:35]]></start_date>
<end_date><![CDATA[2016-08-06 13:50]]></end_date>
<text><![CDATA[JONH DOE | ID: 9 | Office Visit | Phone Home: 703-340-8065 | Phone Cell: 703-890-8702 | Provider: Karen Avanesov | Office Visit | Test OEMR Appointments (Karen Avanesov)"]]></text>
<details><![CDATA["OMR Patient (test)]]></details>
<id><![CDATA[1471982636986]]></id>
</event>
<event>
<start_date><![CDATA[2016-08-06 14:35]]></start_date>
<end_date><![CDATA[2016-08-06 15:10]]></end_date>
<text><![CDATA[JAMES SMITH | ID: 3 | Office Visit | Phone Home: 770-523-2005 | Phone Cell: 973-419-0200 | Provider: Karen Avanesov | Office Visit | Test OEMR Appointments (Karen Avanesov) - Reminder done"]]></text>
<details><![CDATA["OMR Patient (test)]]></details>
<id><![CDATA[1471982636987]]></id>
</event>
<event>
<start_date><![CDATA[2016-08-06 15:35]]></start_date>
<end_date><![CDATA[2016-08-06 16:05]]></end_date>
<text><![CDATA[ROY VARCOE | ID: 12 | Office Visit | Phone Home: 718-216-7172 | Phone Cell: 877-836-7396 | Provider: Karen Avanesov | Office Visit | Test OEMR Appointments (Karen Avanesov)"]]></text>
<details><![CDATA["OMR Patient (test)]]></details>
<id><![CDATA[1471982636988]]></id>
</event>
<event>
<start_date><![CDATA[2016-08-07 11:45]]></start_date>
<end_date><![CDATA[2016-08-07 13:05]]></end_date>
<text><![CDATA[DAVID KELLY | ID: 10 | Consultation Online | Phone Home: 767-345-3456 | Phone Cell: 992-367-3567 | Provider: Karen Avanesov | Online | Test OEMR Appointments (Karen Avanesov)"]]></text>
<details><![CDATA["OMR Patient (test)]]></details>
<id><![CDATA[1471982636989]]></id>
</event>
<event>
<start_date><![CDATA[2016-08-07 11:45]]></start_date>
<end_date><![CDATA[1899-11-30 12:00]]></end_date>
<text><![CDATA[DAVID KELLY | ID: 10 | Office Visit | Phone Home: 767-345-3456 | Phone Cell: 992-367-3567 | Provider: Karen Avanesov | Office Visit | "]]></text>
<details><![CDATA["OMR Patient (test)]]></details>
<id><![CDATA[1471982636990]]></id>
</event>
<event>
<start_date><![CDATA[2016-08-07 14:00]]></start_date>
<end_date><![CDATA[2016-08-07 15:15]]></end_date>
<text><![CDATA[JONH DOE | ID: 9 | Office Visit | Phone Home: 703-340-8065 | Phone Cell: 703-890-8702 | Provider: Karen Avanesov | Office Visit | Test OEMR Appointments (Karen Avanesov) - Arrived"]]></text>
<details><![CDATA["OMR Patient (test)]]></details>
<id><![CDATA[1471982636991]]></id>
</event>
<event>
<start_date><![CDATA[2016-08-07 15:25]]></start_date>
<end_date><![CDATA[2016-08-07 15:40]]></end_date>
<text><![CDATA[JAMES SMITH | ID: 3 | Consultation Online | Phone Home: 770-523-2005 | Phone Cell: 973-419-0200 | Provider: Karen Avanesov | Online | Test OEMR Appointments (Karen Avanesov) - No Show"]]></text>
<details><![CDATA["OMR Patient (test)]]></details>
<id><![CDATA[1471982636992]]></id>
</event>
<event>
<start_date><![CDATA[2016-08-08 08:20]]></start_date>
<end_date><![CDATA[2016-08-08 08:35]]></end_date>
<text><![CDATA[OEMR Patient | ID: 8 | Consultation Online | Phone Home: 703-542-0510 | Phone Cell: 703-542-0515 | Provider: Karen Avanesov | Online | Test OEMR Appointments (Karen Avanesov) - Arrived"]]></text>
<details><![CDATA["OMR Patient (test)]]></details>
<id><![CDATA[1471982636993]]></id>
</event>
<event>
<start_date><![CDATA[2016-08-08 09:30]]></start_date>
<end_date><![CDATA[2016-08-08 09:45]]></end_date>
<text><![CDATA[DAVID KELLY | ID: 10 | Office Visit | Phone Home: 767-345-3456 | Phone Cell: 992-367-3567 | Provider: Karen Avanesov | Office Visit | Test OEMR Appointments (Karen Avanesov) - Chart pulled"]]></text>
<details><![CDATA["OMR Patient (test)]]></details>
<id><![CDATA[1471982636994]]></id>
</event>
<event>
<start_date><![CDATA[2016-08-08 10:30]]></start_date>
<end_date><![CDATA[2016-08-08 10:45]]></end_date>
<text><![CDATA[Patient CMS | ID: 13 | Office Visit | Phone Home: 703-340-8065 | Phone Cell: 973-419-0200 | Provider: Karen Avanesov | Office Visit | Test OEMR Appointments (Karen Avanesov) - Left w/o visit"]]></text>
<details><![CDATA["OMR Patient (test)]]></details>
<id><![CDATA[1471982636995]]></id>
</event>
<event>
<start_date><![CDATA[2016-08-08 11:30]]></start_date>
<end_date><![CDATA[2016-08-08 12:00]]></end_date>
<text><![CDATA[JERRIL CREDLE | ID: 11 | Office Visit | Phone Home: 703-542-0512 | Phone Cell: 571-766-8074 | Provider: Karen Avanesov | Office Visit | Test OEMR Appointments (Karen Avanesov)"]]></text>
<details><![CDATA["OMR Patient (test)]]></details>
<id><![CDATA[1471982636996]]></id>
</event>
<event>
<start_date><![CDATA[2016-08-08 12:45]]></start_date>
<end_date><![CDATA[2016-08-08 13:00]]></end_date>
<text><![CDATA[JONH DOE | ID: 9 | Office Visit | Phone Home: 703-340-8065 | Phone Cell: 703-890-8702 | Provider: Karen Avanesov | Office Visit | Test OEMR Appointments (Karen Avanesov)"]]></text>
<details><![CDATA["OMR Patient (test)]]></details>
<id><![CDATA[1471982636997]]></id>
</event>
<event>
<start_date><![CDATA[2016-08-08 13:55]]></start_date>
<end_date><![CDATA[2016-08-08 14:30]]></end_date>
<text><![CDATA[JAMES SMITH | ID: 3 | Office Visit | Phone Home: 770-523-2005 | Phone Cell: 973-419-0200 | Provider: Karen Avanesov | Office Visit | Test OEMR Appointments (Karen Avanesov) - Reminder done"]]></text>
<details><![CDATA["OMR Patient (test)]]></details>
<id><![CDATA[1471982636998]]></id>
</event>
<event>
<start_date><![CDATA[2016-08-08 15:00]]></start_date>
<end_date><![CDATA[2016-08-08 17:20]]></end_date>
<text><![CDATA[ROY VARCOE | ID: 12 | Office Visit | Phone Home: 718-216-7172 | Phone Cell: 877-836-7396 | Provider: Karen Avanesov | Office Visit | Test OEMR Appointments (Karen Avanesov)"]]></text>
<details><![CDATA["OMR Patient (test)]]></details>
<id><![CDATA[1471982636999]]></id>
</event>
<event>
<start_date><![CDATA[2016-08-09 12:05]]></start_date>
<end_date><![CDATA[2016-08-09 13:55]]></end_date>
<text><![CDATA[DAVID KELLY | ID: 10 | Consultation Online | Phone Home: 767-345-3456 | Phone Cell: 992-367-3567 | Provider: Karen Avanesov | Online | Test OEMR Appointments (Karen Avanesov)"]]></text>
<details><![CDATA["OMR Patient (test)]]></details>
<id><![CDATA[1471982637000]]></id>
</event>
<event>
<start_date><![CDATA[2016-08-09 14:00]]></start_date>
<end_date><![CDATA[2016-08-09 14:30]]></end_date>
<text><![CDATA[JONH DOE | ID: 9 | Office Visit | Phone Home: 703-340-8065 | Phone Cell: 703-890-8702 | Provider: Karen Avanesov | Office Visit | Test OEMR Appointments (Karen Avanesov) - Arrived"]]></text>
<details><![CDATA["OMR Patient (test)]]></details>
<id><![CDATA[1471982637001]]></id>
</event>
<event>
<start_date><![CDATA[2016-08-09 15:05]]></start_date>
<end_date><![CDATA[2016-08-09 17:20]]></end_date>
<text><![CDATA[JAMES SMITH | ID: 3 | Consultation Online | Phone Home: 770-523-2005 | Phone Cell: 973-419-0200 | Provider: Karen Avanesov | Online | Test OEMR Appointments (Karen Avanesov) - No Show"]]></text>
<details><![CDATA["OMR Patient (test)]]></details>
<id><![CDATA[1471982637002]]></id>
</event>
<event>
<start_date><![CDATA[2016-08-10 08:50]]></start_date>
<end_date><![CDATA[2016-08-10 09:05]]></end_date>
<text><![CDATA[OEMR Patient | ID: 8 | Consultation Online | Phone Home: 703-542-0510 | Phone Cell: 703-542-0515 | Provider: Karen Avanesov | Online | Test OEMR Appointments (Karen Avanesov) - Arrived"]]></text>
<details><![CDATA["OMR Patient (test)]]></details>
<id><![CDATA[1471982637003]]></id>
</event>
<event>
<start_date><![CDATA[2016-08-10 09:55]]></start_date>
<end_date><![CDATA[2016-08-10 10:10]]></end_date>
<text><![CDATA[DAVID KELLY | ID: 10 | Office Visit | Phone Home: 767-345-3456 | Phone Cell: 992-367-3567 | Provider: Karen Avanesov | Office Visit | Test OEMR Appointments (Karen Avanesov) - Chart pulled"]]></text>
<details><![CDATA["OMR Patient (test)]]></details>
<id><![CDATA[1471982637004]]></id>
</event>
<event>
<start_date><![CDATA[2016-08-10 10:55]]></start_date>
<end_date><![CDATA[2016-08-10 11:10]]></end_date>
<text><![CDATA[Patient CMS | ID: 13 | Office Visit | Phone Home: 703-340-8065 | Phone Cell: 973-419-0200 | Provider: Karen Avanesov | Office Visit | Test OEMR Appointments (Karen Avanesov) - Left w/o visit"]]></text>
<details><![CDATA["OMR Patient (test)]]></details>
<id><![CDATA[1471982637005]]></id>
</event>
<event>
<start_date><![CDATA[2016-08-10 12:00]]></start_date>
<end_date><![CDATA[2016-08-10 12:30]]></end_date>
<text><![CDATA[JERRIL CREDLE | ID: 11 | Office Visit | Phone Home: 703-542-0512 | Phone Cell: 571-766-8074 | Provider: Karen Avanesov | Office Visit | Test OEMR Appointments (Karen Avanesov)"]]></text>
<details><![CDATA["OMR Patient (test)]]></details>
<id><![CDATA[1471982637006]]></id>
</event>
<event>
<start_date><![CDATA[2016-08-10 12:15]]></start_date>
<end_date><![CDATA[1899-11-30 12:30]]></end_date>
<text><![CDATA[JONH DOE | ID: 9 | Office Visit | Phone Home: 703-340-8065 | Phone Cell: 703-890-8702 | Provider: Karen Avanesov | Office Visit | Test OEMR Appointments (Karen Avanesov)"]]></text>
<details><![CDATA["OMR Patient (test)]]></details>
<id><![CDATA[1471982637007]]></id>
</event>
<event>
<start_date><![CDATA[2016-08-10 13:05]]></start_date>
<end_date><![CDATA[2016-08-10 13:20]]></end_date>
<text><![CDATA[JONH DOE | ID: 9 | Office Visit | Phone Home: 703-340-8065 | Phone Cell: 703-890-8702 | Provider: Karen Avanesov | Office Visit | Test OEMR Appointments (Karen Avanesov)"]]></text>
<details><![CDATA["OMR Patient (test)]]></details>
<id><![CDATA[1471982637008]]></id>
</event>
<event>
<start_date><![CDATA[2016-08-10 14:05]]></start_date>
<end_date><![CDATA[2016-08-10 14:40]]></end_date>
<text><![CDATA[JAMES SMITH | ID: 3 | Office Visit | Phone Home: 770-523-2005 | Phone Cell: 973-419-0200 | Provider: Karen Avanesov | Office Visit | Test OEMR Appointments (Karen Avanesov) - Reminder done"]]></text>
<details><![CDATA["OMR Patient (test)]]></details>
<id><![CDATA[1471982637009]]></id>
</event>
<event>
<start_date><![CDATA[2016-08-10 15:10]]></start_date>
<end_date><![CDATA[2016-08-10 15:40]]></end_date>
<text><![CDATA[ROY VARCOE | ID: 12 | Office Visit | Phone Home: 718-216-7172 | Phone Cell: 877-836-7396 | Provider: Karen Avanesov | Office Visit | Test OEMR Appointments (Karen Avanesov)"]]></text>
<details><![CDATA["OMR Patient (test)]]></details>
<id><![CDATA[1471982637010]]></id>
</event>
<event>
<start_date><![CDATA[2016-08-11 11:45]]></start_date>
<end_date><![CDATA[2016-08-11 13:45]]></end_date>
<text><![CDATA[DAVID KELLY | ID: 10 | Consultation Online | Phone Home: 767-345-3456 | Phone Cell: 992-367-3567 | Provider: Karen Avanesov |   | Test OEMR Appointments (Karen Avanesov)"]]></text>
<details><![CDATA["OMR Patient (test)]]></details>
<id><![CDATA[1471982637011]]></id>
</event>
<event>
<start_date><![CDATA[2016-08-11 14:00]]></start_date>
<end_date><![CDATA[2016-08-11 14:30]]></end_date>
<text><![CDATA[JONH DOE | ID: 9 | Office Visit | Phone Home: 703-340-8065 | Phone Cell: 703-890-8702 | Provider: Karen Avanesov | Office Visit | Test OEMR Appointments (Karen Avanesov) - Arrived"]]></text>
<details><![CDATA["OMR Patient (test)]]></details>
<id><![CDATA[1471982637012]]></id>
</event>
<event>
<start_date><![CDATA[2016-08-11 15:10]]></start_date>
<end_date><![CDATA[2016-08-11 15:25]]></end_date>
<text><![CDATA[JAMES SMITH | ID: 3 | Consultation Online | Phone Home: 770-523-2005 | Phone Cell: 973-419-0200 | Provider: Karen Avanesov |   | Test OEMR Appointments (Karen Avanesov) - No Show"]]></text>
<details><![CDATA["OMR Patient (test)]]></details>
<id><![CDATA[1471982637013]]></id>
</event>
<event>
<start_date><![CDATA[2016-08-12 09:00]]></start_date>
<end_date><![CDATA[2016-08-12 09:15]]></end_date>
<text><![CDATA[OEMR Patient | ID: 8 | Consultation Online | Phone Home: 703-542-0510 | Phone Cell: 703-542-0515 | Provider: Karen Avanesov |   | Test OEMR Appointments (Karen Avanesov) - Arrived"]]></text>
<details><![CDATA["OMR Patient (test)]]></details>
<id><![CDATA[1471982637014]]></id>
</event>
<event>
<start_date><![CDATA[2016-08-12 10:05]]></start_date>
<end_date><![CDATA[2016-08-12 10:20]]></end_date>
<text><![CDATA[DAVID KELLY | ID: 10 | Office Visit | Phone Home: 767-345-3456 | Phone Cell: 992-367-3567 | Provider: Karen Avanesov | Office Visit | Test OEMR Appointments (Karen Avanesov) - Chart pulled"]]></text>
<details><![CDATA["OMR Patient (test)]]></details>
<id><![CDATA[1471982637015]]></id>
</event>
<event>
<start_date><![CDATA[2016-08-12 11:05]]></start_date>
<end_date><![CDATA[2016-08-12 11:20]]></end_date>
<text><![CDATA[Patient CMS | ID: 13 | Office Visit | Phone Home: 703-340-8065 | Phone Cell: 973-419-0200 | Provider: Karen Avanesov | Office Visit | Test OEMR Appointments (Karen Avanesov) - Left w/o visit"]]></text>
<details><![CDATA["OMR Patient (test)]]></details>
<id><![CDATA[1471982637016]]></id>
</event>
<event>
<start_date><![CDATA[2016-08-12 12:05]]></start_date>
<end_date><![CDATA[2016-08-12 12:35]]></end_date>
<text><![CDATA[JERRIL CREDLE | ID: 11 | Office Visit | Phone Home: 703-542-0512 | Phone Cell: 571-766-8074 | Provider: Karen Avanesov | Office Visit | Test OEMR Appointments (Karen Avanesov)"]]></text>
<details><![CDATA["OMR Patient (test)]]></details>
<id><![CDATA[1471982637017]]></id>
</event>
<event>
<start_date><![CDATA[2016-08-12 13:05]]></start_date>
<end_date><![CDATA[2016-08-12 13:20]]></end_date>
<text><![CDATA[JONH DOE | ID: 9 | Office Visit | Phone Home: 703-340-8065 | Phone Cell: 703-890-8702 | Provider: Karen Avanesov | Office Visit | Test OEMR Appointments (Karen Avanesov)"]]></text>
<details><![CDATA["OMR Patient (test)]]></details>
<id><![CDATA[1471982637018]]></id>
</event>
<event>
<start_date><![CDATA[2016-08-12 14:05]]></start_date>
<end_date><![CDATA[2016-08-12 14:40]]></end_date>
<text><![CDATA[JAMES SMITH | ID: 3 | Office Visit | Phone Home: 770-523-2005 | Phone Cell: 973-419-0200 | Provider: Karen Avanesov | Office Visit | Test OEMR Appointments (Karen Avanesov) - Reminder done"]]></text>
<details><![CDATA["OMR Patient (test)]]></details>
<id><![CDATA[1471982637019]]></id>
</event>
<event>
<start_date><![CDATA[2016-08-12 15:10]]></start_date>
<end_date><![CDATA[2016-08-12 15:40]]></end_date>
<text><![CDATA[ROY VARCOE | ID: 12 | Office Visit | Phone Home: 718-216-7172 | Phone Cell: 877-836-7396 | Provider: Karen Avanesov | Office Visit | Test OEMR Appointments (Karen Avanesov)"]]></text>
<details><![CDATA["OMR Patient (test)]]></details>
<id><![CDATA[1471982637020]]></id>
</event>
<event>
<start_date><![CDATA[2016-08-13 11:45]]></start_date>
<end_date><![CDATA[2016-08-13 13:20]]></end_date>
<text><![CDATA[DAVID KELLY | ID: 10 | Consultation Online | Phone Home: 767-345-3456 | Phone Cell: 992-367-3567 | Provider: Karen Avanesov | Office Visit | Test OEMR Appointments (Karen Avanesov)"]]></text>
<details><![CDATA["OMR Patient (test)]]></details>
<id><![CDATA[1471982637021]]></id>
</event>
<event>
<start_date><![CDATA[2016-08-13 14:00]]></start_date>
<end_date><![CDATA[2016-08-13 14:30]]></end_date>
<text><![CDATA[JONH DOE | ID: 9 | Office Visit | Phone Home: 703-340-8065 | Phone Cell: 703-890-8702 | Provider: Karen Avanesov | Office Visit | Test OEMR Appointments (Karen Avanesov) - Arrived"]]></text>
<details><![CDATA["OMR Patient (test)]]></details>
<id><![CDATA[1471982637022]]></id>
</event>
<event>
<start_date><![CDATA[2016-08-13 15:00]]></start_date>
<end_date><![CDATA[2016-08-13 17:20]]></end_date>
<text><![CDATA[JAMES SMITH | ID: 3 | Consultation Online | Phone Home: 770-523-2005 | Phone Cell: 973-419-0200 | Provider: Karen Avanesov | Online | Test OEMR Appointments (Karen Avanesov) - No Show"]]></text>
<details><![CDATA["OMR Patient (test)]]></details>
<id><![CDATA[1471982637023]]></id>
</event>
<event>
<start_date><![CDATA[2016-08-14 09:00]]></start_date>
<end_date><![CDATA[2016-08-14 09:15]]></end_date>
<text><![CDATA[OEMR Patient | ID: 8 | Consultation Online | Phone Home: 703-542-0510 | Phone Cell: 703-542-0515 | Provider: Karen Avanesov | Online | Test OEMR Appointments (Karen Avanesov) - Arrived"]]></text>
<details><![CDATA["OMR Patient (test)]]></details>
<id><![CDATA[1471982637024]]></id>
</event>
<event>
<start_date><![CDATA[2016-08-14 09:55]]></start_date>
<end_date><![CDATA[2016-08-14 10:10]]></end_date>
<text><![CDATA[DAVID KELLY | ID: 10 | Office Visit | Phone Home: 767-345-3456 | Phone Cell: 992-367-3567 | Provider: Karen Avanesov | Office Visit | Test OEMR Appointments (Karen Avanesov) - Chart pulled"]]></text>
<details><![CDATA["OMR Patient (test)]]></details>
<id><![CDATA[1471982637025]]></id>
</event>
<event>
<start_date><![CDATA[2016-08-14 09:30]]></start_date>
<end_date><![CDATA[1899-11-30 09:45]]></end_date>
<text><![CDATA[DAVID KELLY | ID: 10 | Office Visit | Phone Home: 767-345-3456 | Phone Cell: 992-367-3567 | Provider: Karen Avanesov | Office Visit | "]]></text>
<details><![CDATA["OMR Patient (test)]]></details>
<id><![CDATA[1471982637026]]></id>
</event>
<event>
<start_date><![CDATA[2016-08-14 10:50]]></start_date>
<end_date><![CDATA[2016-08-14 11:05]]></end_date>
<text><![CDATA[Patient CMS | ID: 13 | Office Visit | Phone Home: 703-340-8065 | Phone Cell: 973-419-0200 | Provider: Karen Avanesov | Office Visit | Test OEMR Appointments (Karen Avanesov) - Left w/o visit"]]></text>
<details><![CDATA["OMR Patient (test)]]></details>
<id><![CDATA[1471982637027]]></id>
</event>
<event>
<start_date><![CDATA[2016-08-14 11:45]]></start_date>
<end_date><![CDATA[2016-08-14 12:15]]></end_date>
<text><![CDATA[JERRIL CREDLE | ID: 11 | Office Visit | Phone Home: 703-542-0512 | Phone Cell: 571-766-8074 | Provider: Karen Avanesov | Office Visit | Test OEMR Appointments (Karen Avanesov)"]]></text>
<details><![CDATA["OMR Patient (test)]]></details>
<id><![CDATA[1471982637028]]></id>
</event>
<event>
<start_date><![CDATA[2016-08-14 12:40]]></start_date>
<end_date><![CDATA[2016-08-14 12:55]]></end_date>
<text><![CDATA[JONH DOE | ID: 9 | Office Visit | Phone Home: 703-340-8065 | Phone Cell: 703-890-8702 | Provider: Karen Avanesov | Office Visit | Test OEMR Appointments (Karen Avanesov)"]]></text>
<details><![CDATA["OMR Patient (test)]]></details>
<id><![CDATA[1471982637029]]></id>
</event>
<event>
<start_date><![CDATA[2016-08-14 13:35]]></start_date>
<end_date><![CDATA[2016-08-14 14:10]]></end_date>
<text><![CDATA[JAMES SMITH | ID: 3 | Office Visit | Phone Home: 770-523-2005 | Phone Cell: 973-419-0200 | Provider: Karen Avanesov | Office Visit | Test OEMR Appointments (Karen Avanesov) - Reminder done"]]></text>
<details><![CDATA["OMR Patient (test)]]></details>
<id><![CDATA[1471982637030]]></id>
</event>
<event>
<start_date><![CDATA[2016-08-14 14:40]]></start_date>
<end_date><![CDATA[2016-08-14 15:55]]></end_date>
<text><![CDATA[ROY VARCOE | ID: 12 | Office Visit | Phone Home: 718-216-7172 | Phone Cell: 877-836-7396 | Provider: Karen Avanesov | Office Visit | Test OEMR Appointments (Karen Avanesov)"]]></text>
<details><![CDATA["OMR Patient (test)]]></details>
<id><![CDATA[1471982637031]]></id>
</event>
<event>
<start_date><![CDATA[2016-08-15 11:45]]></start_date>
<end_date><![CDATA[2016-08-15 13:40]]></end_date>
<text><![CDATA[DAVID KELLY | ID: 10 | Consultation Online | Phone Home: 767-345-3456 | Phone Cell: 992-367-3567 | Provider: Karen Avanesov | Online | Test OEMR Appointments (Karen Avanesov)"]]></text>
<details><![CDATA["OMR Patient (test)]]></details>
<id><![CDATA[1471982637032]]></id>
</event>
<event>
<start_date><![CDATA[2016-08-15 14:00]]></start_date>
<end_date><![CDATA[2016-08-15 14:30]]></end_date>
<text><![CDATA[JONH DOE | ID: 9 | Office Visit | Phone Home: 703-340-8065 | Phone Cell: 703-890-8702 | Provider: Karen Avanesov | Office Visit | Test OEMR Appointments (Karen Avanesov) - Arrived"]]></text>
<details><![CDATA["OMR Patient (test)]]></details>
<id><![CDATA[1471982637033]]></id>
</event>
<event>
<start_date><![CDATA[2016-08-15 15:00]]></start_date>
<end_date><![CDATA[2016-08-15 15:15]]></end_date>
<text><![CDATA[JAMES SMITH | ID: 3 | Consultation Online | Phone Home: 770-523-2005 | Phone Cell: 973-419-0200 | Provider: Karen Avanesov | Online | Test OEMR Appointments (Karen Avanesov) - No Show"]]></text>
<details><![CDATA["OMR Patient (test)]]></details>
<id><![CDATA[1471982637034]]></id>
</event>
<event>
<start_date><![CDATA[2016-08-16 08:50]]></start_date>
<end_date><![CDATA[2016-08-16 09:05]]></end_date>
<text><![CDATA[OEMR Patient | ID: 8 | Consultation Online | Phone Home: 703-542-0510 | Phone Cell: 703-542-0515 | Provider: Karen Avanesov | Online | Test OEMR Appointments (Karen Avanesov) - Arrived"]]></text>
<details><![CDATA["OMR Patient (test)]]></details>
<id><![CDATA[1471982637035]]></id>
</event>
<event>
<start_date><![CDATA[2016-08-16 09:50]]></start_date>
<end_date><![CDATA[2016-08-16 10:05]]></end_date>
<text><![CDATA[DAVID KELLY | ID: 10 | Office Visit | Phone Home: 767-345-3456 | Phone Cell: 992-367-3567 | Provider: Karen Avanesov | Office Visit | Test OEMR Appointments (Karen Avanesov) - Chart pulled"]]></text>
<details><![CDATA["OMR Patient (test)]]></details>
<id><![CDATA[1471982637036]]></id>
</event>
<event>
<start_date><![CDATA[2016-08-16 10:50]]></start_date>
<end_date><![CDATA[2016-08-16 11:05]]></end_date>
<text><![CDATA[Patient CMS | ID: 13 | Office Visit | Phone Home: 703-340-8065 | Phone Cell: 973-419-0200 | Provider: Karen Avanesov | Office Visit | Test OEMR Appointments (Karen Avanesov) - Left w/o visit"]]></text>
<details><![CDATA["OMR Patient (test)]]></details>
<id><![CDATA[1471982637037]]></id>
</event>
<event>
<start_date><![CDATA[2016-08-16 11:50]]></start_date>
<end_date><![CDATA[2016-08-16 12:20]]></end_date>
<text><![CDATA[JERRIL CREDLE | ID: 11 | Office Visit | Phone Home: 703-542-0512 | Phone Cell: 571-766-8074 | Provider: Karen Avanesov | Office Visit | Test OEMR Appointments (Karen Avanesov)"]]></text>
<details><![CDATA["OMR Patient (test)]]></details>
<id><![CDATA[1471982637038]]></id>
</event>
<event>
<start_date><![CDATA[2016-08-16 12:50]]></start_date>
<end_date><![CDATA[2016-08-16 13:05]]></end_date>
<text><![CDATA[JONH DOE | ID: 9 | Office Visit | Phone Home: 703-340-8065 | Phone Cell: 703-890-8702 | Provider: Karen Avanesov | Office Visit | Test OEMR Appointments (Karen Avanesov)"]]></text>
<details><![CDATA["OMR Patient (test)]]></details>
<id><![CDATA[1471982637039]]></id>
</event>
<event>
<start_date><![CDATA[2016-08-16 13:55]]></start_date>
<end_date><![CDATA[2016-08-16 14:30]]></end_date>
<text><![CDATA[JAMES SMITH | ID: 3 | Office Visit | Phone Home: 770-523-2005 | Phone Cell: 973-419-0200 | Provider: Karen Avanesov | Office Visit | Test OEMR Appointments (Karen Avanesov) - Reminder done"]]></text>
<details><![CDATA["OMR Patient (test)]]></details>
<id><![CDATA[1471982637040]]></id>
</event>
<event>
<start_date><![CDATA[2016-08-16 15:00]]></start_date>
<end_date><![CDATA[2016-08-16 17:20]]></end_date>
<text><![CDATA[ROY VARCOE | ID: 12 | Office Visit | Phone Home: 718-216-7172 | Phone Cell: 877-836-7396 | Provider: Karen Avanesov | Office Visit | Test OEMR Appointments (Karen Avanesov)"]]></text>
<details><![CDATA["OMR Patient (test)]]></details>
<id><![CDATA[1471982637041]]></id>
</event>
<event>
<start_date><![CDATA[2016-08-17 11:45]]></start_date>
<end_date><![CDATA[2016-08-17 13:40]]></end_date>
<text><![CDATA[DAVID KELLY | ID: 10 | Consultation Online | Phone Home: 767-345-3456 | Phone Cell: 992-367-3567 | Provider: Karen Avanesov | Online | Test OEMR Appointments (Karen Avanesov)"]]></text>
<details><![CDATA["OMR Patient (test)]]></details>
<id><![CDATA[1471982637042]]></id>
</event>
<event>
<start_date><![CDATA[2016-08-17 14:00]]></start_date>
<end_date><![CDATA[1899-11-30 14:30]]></end_date>
<text><![CDATA[JONH DOE | ID: 9 | Office Visit | Phone Home: 703-340-8065 | Phone Cell: 703-890-8702 | Provider: Karen Avanesov | Office Visit | Test OEMR Appointments (Karen Avanesov) - Arrived"]]></text>
<details><![CDATA["OMR Patient (test)]]></details>
<id><![CDATA[1471982637043]]></id>
</event>
<event>
<start_date><![CDATA[2016-08-17 14:00]]></start_date>
<end_date><![CDATA[2016-08-17 14:30]]></end_date>
<text><![CDATA[JONH DOE | ID: 9 | Office Visit | Phone Home: 703-340-8065 | Phone Cell: 703-890-8702 | Provider: Karen Avanesov | Office Visit | Test OEMR Appointments (Karen Avanesov) - Arrived"]]></text>
<details><![CDATA["OMR Patient (test)]]></details>
<id><![CDATA[1471982637044]]></id>
</event>
<event>
<start_date><![CDATA[2016-08-17 15:10]]></start_date>
<end_date><![CDATA[2016-08-17 17:25]]></end_date>
<text><![CDATA[JAMES SMITH | ID: 3 | Consultation Online | Phone Home: 770-523-2005 | Phone Cell: 973-419-0200 | Provider: Karen Avanesov | Online | Test OEMR Appointments (Karen Avanesov) - No Show"]]></text>
<details><![CDATA["OMR Patient (test)]]></details>
<id><![CDATA[1471982637045]]></id>
</event>
<event>
<start_date><![CDATA[2016-08-18 09:00]]></start_date>
<end_date><![CDATA[2016-08-18 09:15]]></end_date>
<text><![CDATA[OEMR Patient | ID: 8 | Consultation Online | Phone Home: 703-542-0510 | Phone Cell: 703-542-0515 | Provider: Karen Avanesov | Online | Test OEMR Appointments (Karen Avanesov) - Arrived"]]></text>
<details><![CDATA["OMR Patient (test)]]></details>
<id><![CDATA[1471982637046]]></id>
</event>
<event>
<start_date><![CDATA[2016-08-18 10:10]]></start_date>
<end_date><![CDATA[2016-08-18 10:25]]></end_date>
<text><![CDATA[DAVID KELLY | ID: 10 | Office Visit | Phone Home: 767-345-3456 | Phone Cell: 992-367-3567 | Provider: Karen Avanesov | Office Visit | Test OEMR Appointments (Karen Avanesov) - Chart pulled"]]></text>
<details><![CDATA["OMR Patient (test)]]></details>
<id><![CDATA[1471982637047]]></id>
</event>
<event>
<start_date><![CDATA[2016-08-18 11:20]]></start_date>
<end_date><![CDATA[2016-08-18 11:35]]></end_date>
<text><![CDATA[Patient CMS | ID: 13 | Office Visit | Phone Home: 703-340-8065 | Phone Cell: 973-419-0200 | Provider: Karen Avanesov | Office Visit | Test OEMR Appointments (Karen Avanesov) - Left w/o visit"]]></text>
<details><![CDATA["OMR Patient (test)]]></details>
<id><![CDATA[1471982637048]]></id>
</event>
<event>
<start_date><![CDATA[2016-08-18 12:20]]></start_date>
<end_date><![CDATA[2016-08-18 12:50]]></end_date>
<text><![CDATA[JERRIL CREDLE | ID: 11 | Office Visit | Phone Home: 703-542-0512 | Phone Cell: 571-766-8074 | Provider: Karen Avanesov | Office Visit | Test OEMR Appointments (Karen Avanesov)"]]></text>
<details><![CDATA["OMR Patient (test)]]></details>
<id><![CDATA[1471982637049]]></id>
</event>
<event>
<start_date><![CDATA[2016-08-18 13:20]]></start_date>
<end_date><![CDATA[2016-08-18 13:35]]></end_date>
<text><![CDATA[JONH DOE | ID: 9 | Office Visit | Phone Home: 703-340-8065 | Phone Cell: 703-890-8702 | Provider: Karen Avanesov | Office Visit | Test OEMR Appointments (Karen Avanesov)"]]></text>
<details><![CDATA["OMR Patient (test)]]></details>
<id><![CDATA[1471982637050]]></id>
</event>
<event>
<start_date><![CDATA[2016-08-18 14:20]]></start_date>
<end_date><![CDATA[2016-08-18 14:55]]></end_date>
<text><![CDATA[JAMES SMITH | ID: 3 | Office Visit | Phone Home: 770-523-2005 | Phone Cell: 973-419-0200 | Provider: Karen Avanesov | Office Visit | Test OEMR Appointments (Karen Avanesov) - Reminder done"]]></text>
<details><![CDATA["OMR Patient (test)]]></details>
<id><![CDATA[1471982637051]]></id>
</event>
<event>
<start_date><![CDATA[2016-08-18 13:30]]></start_date>
<end_date><![CDATA[1899-11-30 14:00]]></end_date>
<text><![CDATA[ROY VARCOE | ID: 12 | Office Visit | Phone Home: 718-216-7172 | Phone Cell: 877-836-7396 | Provider: Karen Avanesov | Office Visit | Test OEMR Appointments (Karen Avanesov)"]]></text>
<details><![CDATA["OMR Patient (test)]]></details>
<id><![CDATA[1471982637052]]></id>
</event>
<event>
<start_date><![CDATA[2016-08-18 15:20]]></start_date>
<end_date><![CDATA[2016-08-18 15:50]]></end_date>
<text><![CDATA[ROY VARCOE | ID: 12 | Office Visit | Phone Home: 718-216-7172 | Phone Cell: 877-836-7396 | Provider: Karen Avanesov | Office Visit | Test OEMR Appointments (Karen Avanesov)"]]></text>
<details><![CDATA["OMR Patient (test)]]></details>
<id><![CDATA[1471982637053]]></id>
</event>
<event>
<start_date><![CDATA[2016-08-19 11:50]]></start_date>
<end_date><![CDATA[2016-08-19 13:50]]></end_date>
<text><![CDATA[DAVID KELLY | ID: 10 | Consultation Online | Phone Home: 767-345-3456 | Phone Cell: 992-367-3567 | Provider: Karen Avanesov | Online | Test OEMR Appointments (Karen Avanesov)"]]></text>
<details><![CDATA["OMR Patient (test)]]></details>
<id><![CDATA[1471982637054]]></id>
</event>
<event>
<start_date><![CDATA[2016-08-19 14:00]]></start_date>
<end_date><![CDATA[2016-08-19 14:30]]></end_date>
<text><![CDATA[JONH DOE | ID: 9 | Office Visit | Phone Home: 703-340-8065 | Phone Cell: 703-890-8702 | Provider: Karen Avanesov | Office Visit | Test OEMR Appointments (Karen Avanesov) - Arrived"]]></text>
<details><![CDATA["OMR Patient (test)]]></details>
<id><![CDATA[1471982637055]]></id>
</event>
<event>
<start_date><![CDATA[2016-08-19 15:05]]></start_date>
<end_date><![CDATA[2016-08-19 15:20]]></end_date>
<text><![CDATA[JAMES SMITH | ID: 3 | Consultation Online | Phone Home: 770-523-2005 | Phone Cell: 973-419-0200 | Provider: Karen Avanesov | Online | Test OEMR Appointments (Karen Avanesov) - No Show"]]></text>
<details><![CDATA["OMR Patient (test)]]></details>
<id><![CDATA[1471982637056]]></id>
</event>
<event>
<start_date><![CDATA[2016-08-20 09:00]]></start_date>
<end_date><![CDATA[2016-08-20 09:15]]></end_date>
<text><![CDATA[OEMR Patient | ID: 8 | Consultation Online | Phone Home: 703-542-0510 | Phone Cell: 703-542-0515 | Provider: Karen Avanesov | Online | Test OEMR Appointments (Karen Avanesov) - Arrived"]]></text>
<details><![CDATA["OMR Patient (test)]]></details>
<id><![CDATA[1471982637057]]></id>
</event>
<event>
<start_date><![CDATA[2016-08-20 10:05]]></start_date>
<end_date><![CDATA[2016-08-20 10:20]]></end_date>
<text><![CDATA[DAVID KELLY | ID: 10 | Office Visit | Phone Home: 767-345-3456 | Phone Cell: 992-367-3567 | Provider: Karen Avanesov | Office Visit | Test OEMR Appointments (Karen Avanesov) - Chart pulled"]]></text>
<details><![CDATA["OMR Patient (test)]]></details>
<id><![CDATA[1471982637058]]></id>
</event>
<event>
<start_date><![CDATA[2016-08-20 11:10]]></start_date>
<end_date><![CDATA[2016-08-20 11:25]]></end_date>
<text><![CDATA[Patient CMS | ID: 13 | Office Visit | Phone Home: 703-340-8065 | Phone Cell: 973-419-0200 | Provider: Karen Avanesov | Office Visit | Test OEMR Appointments (Karen Avanesov) - Left w/o visit"]]></text>
<details><![CDATA["OMR Patient (test)]]></details>
<id><![CDATA[1471982637059]]></id>
</event>
<event>
<start_date><![CDATA[2016-08-20 12:10]]></start_date>
<end_date><![CDATA[2016-08-20 12:40]]></end_date>
<text><![CDATA[JERRIL CREDLE | ID: 11 | Office Visit | Phone Home: 703-542-0512 | Phone Cell: 571-766-8074 | Provider: Karen Avanesov | Office Visit | Test OEMR Appointments (Karen Avanesov)"]]></text>
<details><![CDATA["OMR Patient (test)]]></details>
<id><![CDATA[1471982637060]]></id>
</event>
<event>
<start_date><![CDATA[2016-08-20 13:15]]></start_date>
<end_date><![CDATA[2016-08-20 13:30]]></end_date>
<text><![CDATA[JONH DOE | ID: 9 | Office Visit | Phone Home: 703-340-8065 | Phone Cell: 703-890-8702 | Provider: Karen Avanesov | Office Visit | Test OEMR Appointments (Karen Avanesov)"]]></text>
<details><![CDATA["OMR Patient (test)]]></details>
<id><![CDATA[1471982637061]]></id>
</event>
<event>
<start_date><![CDATA[2016-08-20 14:20]]></start_date>
<end_date><![CDATA[2016-08-20 14:55]]></end_date>
<text><![CDATA[JAMES SMITH | ID: 3 | Office Visit | Phone Home: 770-523-2005 | Phone Cell: 973-419-0200 | Provider: Karen Avanesov | Office Visit | Test OEMR Appointments (Karen Avanesov) - Reminder done"]]></text>
<details><![CDATA["OMR Patient (test)]]></details>
<id><![CDATA[1471982637062]]></id>
</event>
<event>
<start_date><![CDATA[2016-08-20 15:40]]></start_date>
<end_date><![CDATA[2016-08-20 16:10]]></end_date>
<text><![CDATA[ROY VARCOE | ID: 12 | Office Visit | Phone Home: 718-216-7172 | Phone Cell: 877-836-7396 | Provider: Karen Avanesov | Office Visit | Test OEMR Appointments (Karen Avanesov)"]]></text>
<details><![CDATA["OMR Patient (test)]]></details>
<id><![CDATA[1471982637063]]></id>
</event>
<event>
<start_date><![CDATA[2016-08-21 11:45]]></start_date>
<end_date><![CDATA[2016-08-21 13:05]]></end_date>
<text><![CDATA[DAVID KELLY | ID: 10 | Consultation Online | Phone Home: 767-345-3456 | Phone Cell: 992-367-3567 | Provider: Karen Avanesov | Online | Test OEMR Appointments (Karen Avanesov)"]]></text>
<details><![CDATA["OMR Patient (test)]]></details>
<id><![CDATA[1471982637064]]></id>
</event>
<event>
<start_date><![CDATA[2016-08-21 14:00]]></start_date>
<end_date><![CDATA[2016-08-21 14:30]]></end_date>
<text><![CDATA[JONH DOE | ID: 9 | Office Visit | Phone Home: 703-340-8065 | Phone Cell: 703-890-8702 | Provider: Karen Avanesov | Office Visit | Test OEMR Appointments (Karen Avanesov) - Arrived"]]></text>
<details><![CDATA["OMR Patient (test)]]></details>
<id><![CDATA[1471982637065]]></id>
</event>
<event>
<start_date><![CDATA[2016-08-21 15:10]]></start_date>
<end_date><![CDATA[2016-08-21 15:25]]></end_date>
<text><![CDATA[JAMES SMITH | ID: 3 | Consultation Online | Phone Home: 770-523-2005 | Phone Cell: 973-419-0200 | Provider: Karen Avanesov | Online | Test OEMR Appointments (Karen Avanesov) - No Show"]]></text>
<details><![CDATA["OMR Patient (test)]]></details>
<id><![CDATA[1471982637066]]></id>
</event>
<event>
<start_date><![CDATA[2016-08-22 09:00]]></start_date>
<end_date><![CDATA[2016-08-22 09:15]]></end_date>
<text><![CDATA[OEMR Patient | ID: 8 | Consultation Online | Phone Home: 703-542-0510 | Phone Cell: 703-542-0515 | Provider: Karen Avanesov | Online | Test OEMR Appointments (Karen Avanesov) - Arrived"]]></text>
<details><![CDATA["OMR Patient (test)]]></details>
<id><![CDATA[1471982637067]]></id>
</event>
<event>
<start_date><![CDATA[2016-08-22 10:05]]></start_date>
<end_date><![CDATA[2016-08-22 10:20]]></end_date>
<text><![CDATA[DAVID KELLY | ID: 10 | Office Visit | Phone Home: 767-345-3456 | Phone Cell: 992-367-3567 | Provider: Karen Avanesov | Office Visit | Test OEMR Appointments (Karen Avanesov) - Chart pulled"]]></text>
<details><![CDATA["OMR Patient (test)]]></details>
<id><![CDATA[1471982637068]]></id>
</event>
<event>
<start_date><![CDATA[2016-08-22 11:10]]></start_date>
<end_date><![CDATA[2016-08-22 11:25]]></end_date>
<text><![CDATA[Patient CMS | ID: 13 | Office Visit | Phone Home: 703-340-8065 | Phone Cell: 973-419-0200 | Provider: Karen Avanesov | Office Visit | Test OEMR Appointments (Karen Avanesov) - Left w/o visit"]]></text>
<details><![CDATA["OMR Patient (test)]]></details>
<id><![CDATA[1471982637069]]></id>
</event>
<event>
<start_date><![CDATA[2016-08-22 12:10]]></start_date>
<end_date><![CDATA[2016-08-22 12:40]]></end_date>
<text><![CDATA[JERRIL CREDLE | ID: 11 | Office Visit | Phone Home: 703-542-0512 | Phone Cell: 571-766-8074 | Provider: Karen Avanesov | Office Visit | Test OEMR Appointments (Karen Avanesov)"]]></text>
<details><![CDATA["OMR Patient (test)]]></details>
<id><![CDATA[1471982637070]]></id>
</event>
<event>
<start_date><![CDATA[2016-08-22 13:10]]></start_date>
<end_date><![CDATA[2016-08-22 13:25]]></end_date>
<text><![CDATA[JONH DOE | ID: 9 | Office Visit | Phone Home: 703-340-8065 | Phone Cell: 703-890-8702 | Provider: Karen Avanesov | Office Visit | Test OEMR Appointments (Karen Avanesov)"]]></text>
<details><![CDATA["OMR Patient (test)]]></details>
<id><![CDATA[1471982637071]]></id>
</event>
<event>
<start_date><![CDATA[2016-08-22 14:10]]></start_date>
<end_date><![CDATA[2016-08-22 14:45]]></end_date>
<text><![CDATA[JAMES SMITH | ID: 3 | Office Visit | Phone Home: 770-523-2005 | Phone Cell: 973-419-0200 | Provider: Karen Avanesov | Office Visit | Test OEMR Appointments (Karen Avanesov) - Reminder done"]]></text>
<details><![CDATA["OMR Patient (test)]]></details>
<id><![CDATA[1471982637072]]></id>
</event>
<event>
<start_date><![CDATA[2016-08-22 15:10]]></start_date>
<end_date><![CDATA[2016-08-22 15:40]]></end_date>
<text><![CDATA[ROY VARCOE | ID: 12 | Office Visit | Phone Home: 718-216-7172 | Phone Cell: 877-836-7396 | Provider: Karen Avanesov | Office Visit | Test OEMR Appointments (Karen Avanesov)"]]></text>
<details><![CDATA["OMR Patient (test)]]></details>
<id><![CDATA[1471982637073]]></id>
</event>
<event>
<start_date><![CDATA[2016-08-23 11:45]]></start_date>
<end_date><![CDATA[2016-08-23 12:00]]></end_date>
<text><![CDATA[DAVID KELLY | ID: 10 | Consultation Online | Phone Home: 767-345-3456 | Phone Cell: 992-367-3567 | Provider: Karen Avanesov | Online | Test OEMR Appointments (Karen Avanesov)"]]></text>
<details><![CDATA["OMR Patient (test)]]></details>
<id><![CDATA[1471982637074]]></id>
</event>
<event>
<start_date><![CDATA[2016-08-23 14:00]]></start_date>
<end_date><![CDATA[2016-08-23 14:30]]></end_date>
<text><![CDATA[JONH DOE | ID: 9 | Office Visit | Phone Home: 703-340-8065 | Phone Cell: 703-890-8702 | Provider: Karen Avanesov | Office Visit | Test OEMR Appointments (Karen Avanesov) - Arrived"]]></text>
<details><![CDATA["OMR Patient (test)]]></details>
<id><![CDATA[1471982637075]]></id>
</event>
<event>
<start_date><![CDATA[2016-08-23 15:05]]></start_date>
<end_date><![CDATA[2016-08-23 15:20]]></end_date>
<text><![CDATA[JAMES SMITH | ID: 3 | Consultation Online | Phone Home: 770-523-2005 | Phone Cell: 973-419-0200 | Provider: Karen Avanesov | Online | Test OEMR Appointments (Karen Avanesov) - No Show"]]></text>
<details><![CDATA["OMR Patient (test)]]></details>
<id><![CDATA[1471982637076]]></id>
</event>
<event>
<start_date><![CDATA[2016-08-24 09:00]]></start_date>
<end_date><![CDATA[2016-08-24 09:15]]></end_date>
<text><![CDATA[OEMR Patient | ID: 8 | Consultation Online | Phone Home: 703-542-0510 | Phone Cell: 703-542-0515 | Provider: Karen Avanesov | Online | Test OEMR Appointments (Karen Avanesov) - Arrived"]]></text>
<details><![CDATA["OMR Patient (test)]]></details>
<id><![CDATA[1471982637077]]></id>
</event>
<event>
<start_date><![CDATA[2016-08-24 10:10]]></start_date>
<end_date><![CDATA[2016-08-24 10:25]]></end_date>
<text><![CDATA[DAVID KELLY | ID: 10 | Office Visit | Phone Home: 767-345-3456 | Phone Cell: 992-367-3567 | Provider: Karen Avanesov | Office Visit | Test OEMR Appointments (Karen Avanesov) - Chart pulled"]]></text>
<details><![CDATA["OMR Patient (test)]]></details>
<id><![CDATA[1471982637078]]></id>
</event>
<event>
<start_date><![CDATA[2016-08-24 11:20]]></start_date>
<end_date><![CDATA[2016-08-24 11:35]]></end_date>
<text><![CDATA[Patient CMS | ID: 13 | Office Visit | Phone Home: 703-340-8065 | Phone Cell: 973-419-0200 | Provider: Karen Avanesov | Office Visit | Test OEMR Appointments (Karen Avanesov) - Left w/o visit"]]></text>
<details><![CDATA["OMR Patient (test)]]></details>
<id><![CDATA[1471982637079]]></id>
</event>
<event>
<start_date><![CDATA[2016-08-24 12:25]]></start_date>
<end_date><![CDATA[2016-08-24 12:55]]></end_date>
<text><![CDATA[JERRIL CREDLE | ID: 11 | Office Visit | Phone Home: 703-542-0512 | Phone Cell: 571-766-8074 | Provider: Karen Avanesov | Office Visit | Test OEMR Appointments (Karen Avanesov)"]]></text>
<details><![CDATA["OMR Patient (test)]]></details>
<id><![CDATA[1471982637080]]></id>
</event>
<event>
<start_date><![CDATA[2016-08-24 13:30]]></start_date>
<end_date><![CDATA[2016-08-24 13:45]]></end_date>
<text><![CDATA[JONH DOE | ID: 9 | Office Visit | Phone Home: 703-340-8065 | Phone Cell: 703-890-8702 | Provider: Karen Avanesov | Office Visit | Test OEMR Appointments (Karen Avanesov)"]]></text>
<details><![CDATA["OMR Patient (test)]]></details>
<id><![CDATA[1471982637081]]></id>
</event>
<event>
<start_date><![CDATA[2016-08-24 14:35]]></start_date>
<end_date><![CDATA[2016-08-24 15:10]]></end_date>
<text><![CDATA[JAMES SMITH | ID: 3 | Office Visit | Phone Home: 770-523-2005 | Phone Cell: 973-419-0200 | Provider: Karen Avanesov | Office Visit | Test OEMR Appointments (Karen Avanesov) - Reminder done"]]></text>
<details><![CDATA["OMR Patient (test)]]></details>
<id><![CDATA[1471982637082]]></id>
</event>
<event>
<start_date><![CDATA[2016-08-24 15:35]]></start_date>
<end_date><![CDATA[2016-08-24 18:00]]></end_date>
<text><![CDATA[ROY VARCOE | ID: 12 | Office Visit | Phone Home: 718-216-7172 | Phone Cell: 877-836-7396 | Provider: Karen Avanesov | Office Visit | Test OEMR Appointments (Karen Avanesov)"]]></text>
<details><![CDATA["OMR Patient (test)]]></details>
<id><![CDATA[1471982637083]]></id>
</event>
<event>
<start_date><![CDATA[2016-08-25 11:45]]></start_date>
<end_date><![CDATA[2016-08-25 12:00]]></end_date>
<text><![CDATA[DAVID KELLY | ID: 10 | Consultation Online | Phone Home: 767-345-3456 | Phone Cell: 992-367-3567 | Provider: Karen Avanesov | Online | Test OEMR Appointments (Karen Avanesov)"]]></text>
<details><![CDATA["OMR Patient (test)]]></details>
<id><![CDATA[1471982637084]]></id>
</event>
<event>
<start_date><![CDATA[2016-08-25 14:00]]></start_date>
<end_date><![CDATA[2016-08-25 14:30]]></end_date>
<text><![CDATA[JONH DOE | ID: 9 | Office Visit | Phone Home: 703-340-8065 | Phone Cell: 703-890-8702 | Provider: Karen Avanesov | Office Visit | Test OEMR Appointments (Karen Avanesov) - Arrived"]]></text>
<details><![CDATA["OMR Patient (test)]]></details>
<id><![CDATA[1471982637085]]></id>
</event>
<event>
<start_date><![CDATA[2016-08-25 15:00]]></start_date>
<end_date><![CDATA[2016-08-25 15:15]]></end_date>
<text><![CDATA[JAMES SMITH | ID: 3 | Consultation Online | Phone Home: 770-523-2005 | Phone Cell: 973-419-0200 | Provider: Karen Avanesov | Online | Test OEMR Appointments (Karen Avanesov) - No Show"]]></text>
<details><![CDATA["OMR Patient (test)]]></details>
<id><![CDATA[1471982637086]]></id>
</event>
<event>
<start_date><![CDATA[2016-08-26 09:15]]></start_date>
<end_date><![CDATA[2016-08-26 09:30]]></end_date>
<text><![CDATA[OEMR Patient | ID: 8 | Consultation Online | Phone Home: 703-542-0510 | Phone Cell: 703-542-0515 | Provider: Karen Avanesov | Online | Test OEMR Appointments (Karen Avanesov) - Arrived"]]></text>
<details><![CDATA["OMR Patient (test)]]></details>
<id><![CDATA[1471982637087]]></id>
</event>
<event>
<start_date><![CDATA[2016-08-26 10:15]]></start_date>
<end_date><![CDATA[2016-08-26 10:30]]></end_date>
<text><![CDATA[DAVID KELLY | ID: 10 | Office Visit | Phone Home: 767-345-3456 | Phone Cell: 992-367-3567 | Provider: Karen Avanesov | Office Visit | Test OEMR Appointments (Karen Avanesov) - Chart pulled"]]></text>
<details><![CDATA["OMR Patient (test)]]></details>
<id><![CDATA[1471982637088]]></id>
</event>
<event>
<start_date><![CDATA[2016-08-26 11:20]]></start_date>
<end_date><![CDATA[2016-08-26 11:35]]></end_date>
<text><![CDATA[Patient CMS | ID: 13 | Office Visit | Phone Home: 703-340-8065 | Phone Cell: 973-419-0200 | Provider: Karen Avanesov | Office Visit | Test OEMR Appointments (Karen Avanesov) - Left w/o visit"]]></text>
<details><![CDATA["OMR Patient (test)]]></details>
<id><![CDATA[1471982637089]]></id>
</event>
<event>
<start_date><![CDATA[2016-08-26 12:25]]></start_date>
<end_date><![CDATA[2016-08-26 12:55]]></end_date>
<text><![CDATA[JERRIL CREDLE | ID: 11 | Office Visit | Phone Home: 703-542-0512 | Phone Cell: 571-766-8074 | Provider: Karen Avanesov | Office Visit | Test OEMR Appointments (Karen Avanesov)"]]></text>
<details><![CDATA["OMR Patient (test)]]></details>
<id><![CDATA[1471982637090]]></id>
</event>
<event>
<start_date><![CDATA[2016-08-26 13:40]]></start_date>
<end_date><![CDATA[2016-08-26 13:55]]></end_date>
<text><![CDATA[JONH DOE | ID: 9 | Office Visit | Phone Home: 703-340-8065 | Phone Cell: 703-890-8702 | Provider: Karen Avanesov | Office Visit | Test OEMR Appointments (Karen Avanesov)"]]></text>
<details><![CDATA["OMR Patient (test)]]></details>
<id><![CDATA[1471982637091]]></id>
</event>
<event>
<start_date><![CDATA[2016-08-26 14:40]]></start_date>
<end_date><![CDATA[2016-08-26 15:15]]></end_date>
<text><![CDATA[JAMES SMITH | ID: 3 | Office Visit | Phone Home: 770-523-2005 | Phone Cell: 973-419-0200 | Provider: Karen Avanesov | Office Visit | Test OEMR Appointments (Karen Avanesov) - Reminder done"]]></text>
<details><![CDATA["OMR Patient (test)]]></details>
<id><![CDATA[1471982637092]]></id>
</event>
<event>
<start_date><![CDATA[2016-08-26 15:40]]></start_date>
<end_date><![CDATA[2016-08-26 17:55]]></end_date>
<text><![CDATA[ROY VARCOE | ID: 12 | Office Visit | Phone Home: 718-216-7172 | Phone Cell: 877-836-7396 | Provider: Karen Avanesov | Office Visit | Test OEMR Appointments (Karen Avanesov)"]]></text>
<details><![CDATA["OMR Patient (test)]]></details>
<id><![CDATA[1471982637093]]></id>
</event>
<event>
<start_date><![CDATA[2016-08-27 11:45]]></start_date>
<end_date><![CDATA[2016-08-27 12:00]]></end_date>
<text><![CDATA[DAVID KELLY | ID: 10 | Consultation Online | Phone Home: 767-345-3456 | Phone Cell: 992-367-3567 | Provider: Karen Avanesov | Online | Test OEMR Appointments (Karen Avanesov)"]]></text>
<details><![CDATA["OMR Patient (test)]]></details>
<id><![CDATA[1471982637094]]></id>
</event>
<event>
<start_date><![CDATA[2016-08-27 14:00]]></start_date>
<end_date><![CDATA[2016-08-27 14:30]]></end_date>
<text><![CDATA[JONH DOE | ID: 9 | Office Visit | Phone Home: 703-340-8065 | Phone Cell: 703-890-8702 | Provider: Karen Avanesov | Office Visit | Test OEMR Appointments (Karen Avanesov) - Arrived"]]></text>
<details><![CDATA["OMR Patient (test)]]></details>
<id><![CDATA[1471982637095]]></id>
</event>
<event>
<start_date><![CDATA[2016-08-27 15:15]]></start_date>
<end_date><![CDATA[2016-08-27 17:15]]></end_date>
<text><![CDATA[JAMES SMITH | ID: 3 | Consultation Online | Phone Home: 770-523-2005 | Phone Cell: 973-419-0200 | Provider: Karen Avanesov | Online | Test OEMR Appointments (Karen Avanesov) - No Show"]]></text>
<details><![CDATA["OMR Patient (test)]]></details>
<id><![CDATA[1471982637096]]></id>
</event>
<event>
<start_date><![CDATA[2016-08-28 09:20]]></start_date>
<end_date><![CDATA[2016-08-28 09:35]]></end_date>
<text><![CDATA[OEMR Patient | ID: 8 | Consultation Online | Phone Home: 703-542-0510 | Phone Cell: 703-542-0515 | Provider: Karen Avanesov | Online | Test OEMR Appointments (Karen Avanesov) - Arrived"]]></text>
<details><![CDATA["OMR Patient (test)]]></details>
<id><![CDATA[1471982637097]]></id>
</event>
<event>
<start_date><![CDATA[2016-08-28 10:20]]></start_date>
<end_date><![CDATA[2016-08-28 10:35]]></end_date>
<text><![CDATA[DAVID KELLY | ID: 10 | Office Visit | Phone Home: 767-345-3456 | Phone Cell: 992-367-3567 | Provider: Karen Avanesov | Office Visit | Test OEMR Appointments (Karen Avanesov) - Chart pulled"]]></text>
<details><![CDATA["OMR Patient (test)]]></details>
<id><![CDATA[1471982637098]]></id>
</event>
<event>
<start_date><![CDATA[2016-08-28 11:20]]></start_date>
<end_date><![CDATA[2016-08-28 11:35]]></end_date>
<text><![CDATA[Patient CMS | ID: 13 | Office Visit | Phone Home: 703-340-8065 | Phone Cell: 973-419-0200 | Provider: Karen Avanesov | Office Visit | Test OEMR Appointments (Karen Avanesov) - Left w/o visit"]]></text>
<details><![CDATA["OMR Patient (test)]]></details>
<id><![CDATA[1471982637099]]></id>
</event>
<event>
<start_date><![CDATA[2016-08-28 12:20]]></start_date>
<end_date><![CDATA[2016-08-28 12:50]]></end_date>
<text><![CDATA[JERRIL CREDLE | ID: 11 | Office Visit | Phone Home: 703-542-0512 | Phone Cell: 571-766-8074 | Provider: Karen Avanesov | Office Visit | Test OEMR Appointments (Karen Avanesov)"]]></text>
<details><![CDATA["OMR Patient (test)]]></details>
<id><![CDATA[1471982637100]]></id>
</event>
<event>
<start_date><![CDATA[2016-08-28 13:20]]></start_date>
<end_date><![CDATA[2016-08-28 13:35]]></end_date>
<text><![CDATA[JONH DOE | ID: 9 | Office Visit | Phone Home: 703-340-8065 | Phone Cell: 703-890-8702 | Provider: Karen Avanesov | Office Visit | Test OEMR Appointments (Karen Avanesov)"]]></text>
<details><![CDATA["OMR Patient (test)]]></details>
<id><![CDATA[1471982637101]]></id>
</event>
<event>
<start_date><![CDATA[2016-08-28 14:20]]></start_date>
<end_date><![CDATA[2016-08-28 14:55]]></end_date>
<text><![CDATA[JAMES SMITH | ID: 3 | Office Visit | Phone Home: 770-523-2005 | Phone Cell: 973-419-0200 | Provider: Karen Avanesov | Office Visit | Test OEMR Appointments (Karen Avanesov) - Reminder done"]]></text>
<details><![CDATA["OMR Patient (test)]]></details>
<id><![CDATA[1471982637102]]></id>
</event>
<event>
<start_date><![CDATA[2016-08-28 15:30]]></start_date>
<end_date><![CDATA[2016-08-28 17:55]]></end_date>
<text><![CDATA[ROY VARCOE | ID: 12 | Office Visit | Phone Home: 718-216-7172 | Phone Cell: 877-836-7396 | Provider: Karen Avanesov | Office Visit | Test OEMR Appointments (Karen Avanesov)"]]></text>
<details><![CDATA["OMR Patient (test)]]></details>
<id><![CDATA[1471982637103]]></id>
</event>
<event>
<start_date><![CDATA[2016-08-29 11:45]]></start_date>
<end_date><![CDATA[2016-08-29 12:00]]></end_date>
<text><![CDATA[DAVID KELLY | ID: 10 | Consultation Online | Phone Home: 767-345-3456 | Phone Cell: 992-367-3567 | Provider: Karen Avanesov | Online | Test OEMR Appointments (Karen Avanesov)"]]></text>
<details><![CDATA["OMR Patient (test)]]></details>
<id><![CDATA[1471982637104]]></id>
</event>
<event>
<start_date><![CDATA[2016-08-29 14:00]]></start_date>
<end_date><![CDATA[2016-08-29 14:30]]></end_date>
<text><![CDATA[JONH DOE | ID: 9 | Office Visit | Phone Home: 703-340-8065 | Phone Cell: 703-890-8702 | Provider: Karen Avanesov | Office Visit | Test OEMR Appointments (Karen Avanesov) - Arrived"]]></text>
<details><![CDATA["OMR Patient (test)]]></details>
<id><![CDATA[1471982637105]]></id>
</event>
<event>
<start_date><![CDATA[2016-08-29 15:15]]></start_date>
<end_date><![CDATA[2016-08-29 15:30]]></end_date>
<text><![CDATA[JAMES SMITH | ID: 3 | Consultation Online | Phone Home: 770-523-2005 | Phone Cell: 973-419-0200 | Provider: Karen Avanesov | Online | Test OEMR Appointments (Karen Avanesov) - No Show"]]></text>
<details><![CDATA["OMR Patient (test)]]></details>
<id><![CDATA[1471982637106]]></id>
</event>
<event>
<start_date><![CDATA[2016-08-30 09:10]]></start_date>
<end_date><![CDATA[2016-08-30 09:25]]></end_date>
<text><![CDATA[OEMR Patient | ID: 8 | Consultation Online | Phone Home: 703-542-0510 | Phone Cell: 703-542-0515 | Provider: Karen Avanesov | Online | Test OEMR Appointments (Karen Avanesov) - Arrived"]]></text>
<details><![CDATA["OMR Patient (test)]]></details>
<id><![CDATA[1471982637107]]></id>
</event>
<event>
<start_date><![CDATA[2016-08-30 10:15]]></start_date>
<end_date><![CDATA[2016-08-30 10:30]]></end_date>
<text><![CDATA[DAVID KELLY | ID: 10 | Office Visit | Phone Home: 767-345-3456 | Phone Cell: 992-367-3567 | Provider: Karen Avanesov | Office Visit | Test OEMR Appointments (Karen Avanesov) - Chart pulled"]]></text>
<details><![CDATA["OMR Patient (test)]]></details>
<id><![CDATA[1471982637108]]></id>
</event>
<event>
<start_date><![CDATA[2016-08-30 11:20]]></start_date>
<end_date><![CDATA[2016-08-30 11:35]]></end_date>
<text><![CDATA[Patient CMS | ID: 13 | Office Visit | Phone Home: 703-340-8065 | Phone Cell: 973-419-0200 | Provider: Karen Avanesov | Office Visit | Test OEMR Appointments (Karen Avanesov) - Left w/o visit"]]></text>
<details><![CDATA["OMR Patient (test)]]></details>
<id><![CDATA[1471982637109]]></id>
</event>
<event>
<start_date><![CDATA[2016-08-30 12:30]]></start_date>
<end_date><![CDATA[2016-08-30 13:00]]></end_date>
<text><![CDATA[JERRIL CREDLE | ID: 11 | Office Visit | Phone Home: 703-542-0512 | Phone Cell: 571-766-8074 | Provider: Karen Avanesov | Office Visit | Test OEMR Appointments (Karen Avanesov)"]]></text>
<details><![CDATA["OMR Patient (test)]]></details>
<id><![CDATA[1471982637110]]></id>
</event>
<event>
<start_date><![CDATA[2016-08-30 13:35]]></start_date>
<end_date><![CDATA[2016-08-30 13:50]]></end_date>
<text><![CDATA[JONH DOE | ID: 9 | Office Visit | Phone Home: 703-340-8065 | Phone Cell: 703-890-8702 | Provider: Karen Avanesov | Office Visit | Test OEMR Appointments (Karen Avanesov)"]]></text>
<details><![CDATA["OMR Patient (test)]]></details>
<id><![CDATA[1471982637111]]></id>
</event>
<event>
<start_date><![CDATA[2016-08-30 14:40]]></start_date>
<end_date><![CDATA[2016-08-30 15:15]]></end_date>
<text><![CDATA[JAMES SMITH | ID: 3 | Office Visit | Phone Home: 770-523-2005 | Phone Cell: 973-419-0200 | Provider: Karen Avanesov | Office Visit | Test OEMR Appointments (Karen Avanesov) - Reminder done"]]></text>
<details><![CDATA["OMR Patient (test)]]></details>
<id><![CDATA[1471982637112]]></id>
</event>
<event>
<start_date><![CDATA[2016-08-30 15:40]]></start_date>
<end_date><![CDATA[2016-08-30 16:10]]></end_date>
<text><![CDATA[ROY VARCOE | ID: 12 | Office Visit | Phone Home: 718-216-7172 | Phone Cell: 877-836-7396 | Provider: Karen Avanesov | Office Visit | Test OEMR Appointments (Karen Avanesov)"]]></text>
<details><![CDATA["OMR Patient (test)]]></details>
<id><![CDATA[1471982637113]]></id>
</event>
<event>
<start_date><![CDATA[2016-08-31 11:45]]></start_date>
<end_date><![CDATA[2016-08-31 12:00]]></end_date>
<text><![CDATA[DAVID KELLY | ID: 10 | Consultation Online | Phone Home: 767-345-3456 | Phone Cell: 992-367-3567 | Provider: Karen Avanesov | Online | Test OEMR Appointments (Karen Avanesov)"]]></text>
<details><![CDATA["OMR Patient (test)]]></details>
<id><![CDATA[1471982637114]]></id>
</event>
<event>
<start_date><![CDATA[2016-08-31 13:10]]></start_date>
<end_date><![CDATA[2016-08-31 13:40]]></end_date>
<text><![CDATA[JONH DOE | ID: 9 | Office Visit | Phone Home: 703-340-8065 | Phone Cell: 703-890-8702 | Provider: Karen Avanesov | Office Visit | Test OEMR Appointments (Karen Avanesov) - Arrived"]]></text>
<details><![CDATA["OMR Patient (test)]]></details>
<id><![CDATA[1471982637115]]></id>
</event>
<event>
<start_date><![CDATA[2016-08-31 14:30]]></start_date>
<end_date><![CDATA[2016-08-31 14:45]]></end_date>
<text><![CDATA[JAMES SMITH | ID: 3 | Consultation Online | Phone Home: 770-523-2005 | Phone Cell: 973-419-0200 | Provider: Karen Avanesov | Online | Test OEMR Appointments (Karen Avanesov) - No Show"]]></text>
<details><![CDATA["OMR Patient (test)]]></details>
<id><![CDATA[1471982637116]]></id>
</event>
</data>